,both_mean,randomForest,svm,both_max
combined,"[0.9138576779026217, 0.9101123595505618, 0.9250936329588015, 0.9213483146067416, 0.9063670411985019, 0.9138576779026217, 0.9101123595505618, 0.9288389513108615, 0.9101123595505618, 0.9138576779026217]","[0.8539325842696629, 0.8539325842696629, 0.8539325842696629, 0.8764044943820225, 0.8389513108614233, 0.8239700374531835, 0.8202247191011236, 0.8539325842696629, 0.850187265917603, 0.8539325842696629]","[0.9138576779026217, 0.9138576779026217, 0.9176029962546817, 0.9101123595505618, 0.9138576779026217, 0.9176029962546817, 0.9138576779026217, 0.9101123595505618, 0.9176029962546817, 0.9138576779026217]","[0.9101123595505618, 0.9101123595505618, 0.9213483146067416, 0.9213483146067416, 0.9063670411985019, 0.9063670411985019, 0.9063670411985019, 0.9176029962546817, 0.9063670411985019, 0.9063670411985019]"
semantics,"[0.8314606741573034, 0.8352059925093633, 0.8314606741573034, 0.8314606741573034, 0.8239700374531835, 0.8277153558052435, 0.8202247191011236, 0.8352059925093633, 0.8389513108614233, 0.8389513108614233]","[0.8164794007490637, 0.8052434456928839, 0.8202247191011236, 0.8014981273408239, 0.8089887640449438, 0.8052434456928839, 0.8014981273408239, 0.8202247191011236, 0.8014981273408239, 0.8239700374531835]","[0.8352059925093633, 0.8277153558052435, 0.8314606741573034, 0.8314606741573034, 0.8277153558052435, 0.8202247191011236, 0.8352059925093633, 0.8239700374531835, 0.8277153558052435, 0.8202247191011236]","[0.8314606741573034, 0.8352059925093633, 0.8314606741573034, 0.8277153558052435, 0.8277153558052435, 0.8314606741573034, 0.8239700374531835, 0.8389513108614233, 0.8389513108614233, 0.8389513108614233]"
syntax,"[0.9101123595505618, 0.9250936329588015, 0.9101123595505618, 0.898876404494382, 0.8951310861423221, 0.9026217228464419, 0.9063670411985019, 0.9138576779026217, 0.9026217228464419, 0.9101123595505618]","[0.8576779026217228, 0.8277153558052435, 0.8239700374531835, 0.850187265917603, 0.8314606741573034, 0.8352059925093633, 0.846441947565543, 0.8089887640449438, 0.8389513108614233, 0.8052434456928839]","[0.9138576779026217, 0.9026217228464419, 0.9026217228464419, 0.9101123595505618, 0.9101123595505618, 0.9101123595505618, 0.9101123595505618, 0.9101123595505618, 0.9101123595505618, 0.9101123595505618]","[0.898876404494382, 0.9138576779026217, 0.9138576779026217, 0.898876404494382, 0.8951310861423221, 0.898876404494382, 0.9101123595505618, 0.9063670411985019, 0.8951310861423221, 0.8951310861423221]"
