,both_mean,randomForest,svm,both_max
combined,"[0.7559808612440191, 0.7607655502392344, 0.7559808612440191, 0.7416267942583732, 0.7416267942583732, 0.7703349282296651, 0.7511961722488039, 0.7511961722488039, 0.7368421052631579, 0.7272727272727273]","[0.6842105263157895, 0.6650717703349283, 0.7033492822966507, 0.6650717703349283, 0.69377990430622, 0.722488038277512, 0.6889952153110048, 0.6555023923444976, 0.6411483253588517, 0.631578947368421]","[0.7177033492822966, 0.7177033492822966, 0.7129186602870813, 0.7368421052631579, 0.7320574162679426, 0.7320574162679426, 0.7368421052631579, 0.7368421052631579, 0.7320574162679426, 0.7177033492822966]","[0.7464114832535885, 0.7416267942583732, 0.7511961722488039, 0.722488038277512, 0.7320574162679426, 0.7655502392344498, 0.7655502392344498, 0.7320574162679426, 0.722488038277512, 0.722488038277512]"
semantics,"[0.5980861244019139, 0.5598086124401914, 0.5885167464114832, 0.569377990430622, 0.5645933014354066, 0.5741626794258373, 0.6028708133971292, 0.6172248803827751, 0.5933014354066986, 0.5454545454545454]","[0.5645933014354066, 0.5406698564593302, 0.5358851674641149, 0.5263157894736842, 0.5550239234449761, 0.5454545454545454, 0.5311004784688995, 0.5885167464114832, 0.5406698564593302, 0.5454545454545454]","[0.5741626794258373, 0.5741626794258373, 0.583732057416268, 0.5885167464114832, 0.5741626794258373, 0.583732057416268, 0.583732057416268, 0.5933014354066986, 0.5980861244019139, 0.5789473684210527]","[0.5980861244019139, 0.569377990430622, 0.5789473684210527, 0.5598086124401914, 0.569377990430622, 0.5789473684210527, 0.5789473684210527, 0.5933014354066986, 0.583732057416268, 0.5454545454545454]"
syntax,"[0.7655502392344498, 0.7703349282296651, 0.7511961722488039, 0.7703349282296651, 0.7655502392344498, 0.7559808612440191, 0.7416267942583732, 0.7703349282296651, 0.7799043062200957, 0.784688995215311]","[0.7177033492822966, 0.7368421052631579, 0.6889952153110048, 0.6220095693779905, 0.69377990430622, 0.6507177033492823, 0.6555023923444976, 0.6985645933014354, 0.6602870813397129, 0.7272727272727273]","[0.7368421052631579, 0.7416267942583732, 0.7559808612440191, 0.722488038277512, 0.7559808612440191, 0.7368421052631579, 0.7272727272727273, 0.7464114832535885, 0.7511961722488039, 0.7320574162679426]","[0.7655502392344498, 0.784688995215311, 0.7511961722488039, 0.7464114832535885, 0.7655502392344498, 0.7511961722488039, 0.7368421052631579, 0.7703349282296651, 0.7416267942583732, 0.7799043062200957]"
