,both_mean,randomForest,svm,both_max
combined,"[0.695852534562212, 0.6497695852534562, 0.6497695852534562, 0.6774193548387096, 0.6682027649769585, 0.6682027649769585, 0.6728110599078341, 0.6682027649769585, 0.6774193548387096, 0.6866359447004609]","[0.6820276497695853, 0.6129032258064516, 0.5990783410138248, 0.6451612903225806, 0.6359447004608295, 0.6359447004608295, 0.6129032258064516, 0.6221198156682027, 0.631336405529954, 0.6728110599078341]","[0.6589861751152074, 0.663594470046083, 0.6543778801843319, 0.6543778801843319, 0.663594470046083, 0.6589861751152074, 0.6589861751152074, 0.6589861751152074, 0.6497695852534562, 0.6682027649769585]","[0.7096774193548387, 0.6589861751152074, 0.6497695852534562, 0.6774193548387096, 0.663594470046083, 0.6728110599078341, 0.663594470046083, 0.6543778801843319, 0.6866359447004609, 0.6820276497695853]"
semantics,"[0.5990783410138248, 0.6221198156682027, 0.6082949308755761, 0.6129032258064516, 0.6497695852534562, 0.6221198156682027, 0.6451612903225806, 0.6175115207373272, 0.6267281105990783, 0.6129032258064516]","[0.5483870967741935, 0.5944700460829493, 0.5990783410138248, 0.5944700460829493, 0.6359447004608295, 0.5898617511520737, 0.6175115207373272, 0.5990783410138248, 0.6082949308755761, 0.5806451612903226]","[0.6221198156682027, 0.6221198156682027, 0.6267281105990783, 0.6221198156682027, 0.6267281105990783, 0.6267281105990783, 0.6221198156682027, 0.6221198156682027, 0.6221198156682027, 0.6267281105990783]","[0.5852534562211982, 0.6082949308755761, 0.6036866359447005, 0.6175115207373272, 0.6405529953917051, 0.6175115207373272, 0.6359447004608295, 0.6175115207373272, 0.6221198156682027, 0.6175115207373272]"
syntax,"[0.6497695852534562, 0.6543778801843319, 0.6866359447004609, 0.6866359447004609, 0.6682027649769585, 0.663594470046083, 0.6912442396313364, 0.6682027649769585, 0.6589861751152074, 0.6728110599078341]","[0.631336405529954, 0.631336405529954, 0.695852534562212, 0.6543778801843319, 0.6359447004608295, 0.6129032258064516, 0.6543778801843319, 0.6543778801843319, 0.6175115207373272, 0.6728110599078341]","[0.6175115207373272, 0.631336405529954, 0.6267281105990783, 0.6221198156682027, 0.631336405529954, 0.6267281105990783, 0.6359447004608295, 0.6359447004608295, 0.6221198156682027, 0.6267281105990783]","[0.6405529953917051, 0.6451612903225806, 0.7050691244239631, 0.6682027649769585, 0.6774193548387096, 0.6543778801843319, 0.6682027649769585, 0.6682027649769585, 0.6405529953917051, 0.6682027649769585]"
