,both_mean,randomForest,svm,both_max
combined,"[0.8440860215053764, 0.8494623655913979, 0.8010752688172043, 0.8279569892473119, 0.8440860215053764, 0.8333333333333334, 0.8118279569892473, 0.8225806451612904, 0.7903225806451613, 0.8172043010752689]","[0.7634408602150538, 0.8010752688172043, 0.7580645161290323, 0.7903225806451613, 0.8225806451612904, 0.7849462365591398, 0.7311827956989247, 0.7956989247311828, 0.7204301075268817, 0.7688172043010753]","[0.8709677419354839, 0.8548387096774194, 0.8494623655913979, 0.8548387096774194, 0.8655913978494624, 0.8494623655913979, 0.8709677419354839, 0.8279569892473119, 0.8494623655913979, 0.8709677419354839]","[0.8064516129032258, 0.8333333333333334, 0.7795698924731183, 0.8010752688172043, 0.8333333333333334, 0.8118279569892473, 0.8010752688172043, 0.8279569892473119, 0.7634408602150538, 0.8118279569892473]"
semantics,"[0.6612903225806451, 0.6451612903225806, 0.6774193548387096, 0.6559139784946236, 0.6720430107526881, 0.6505376344086021, 0.6720430107526881, 0.6397849462365591, 0.6720430107526881, 0.6612903225806451]","[0.6290322580645161, 0.6451612903225806, 0.6451612903225806, 0.6505376344086021, 0.6666666666666666, 0.6182795698924731, 0.6236559139784946, 0.6182795698924731, 0.6290322580645161, 0.6397849462365591]","[0.6774193548387096, 0.6666666666666666, 0.6827956989247311, 0.6720430107526881, 0.6666666666666666, 0.6720430107526881, 0.6720430107526881, 0.6774193548387096, 0.6720430107526881, 0.6720430107526881]","[0.6505376344086021, 0.6505376344086021, 0.6720430107526881, 0.6559139784946236, 0.6666666666666666, 0.6290322580645161, 0.6451612903225806, 0.6344086021505376, 0.6397849462365591, 0.6559139784946236]"
syntax,"[0.8279569892473119, 0.8440860215053764, 0.8387096774193549, 0.8279569892473119, 0.8333333333333334, 0.8279569892473119, 0.7903225806451613, 0.8333333333333334, 0.8279569892473119, 0.8440860215053764]","[0.7956989247311828, 0.8010752688172043, 0.8010752688172043, 0.7688172043010753, 0.7795698924731183, 0.8225806451612904, 0.7634408602150538, 0.7903225806451613, 0.7741935483870968, 0.7741935483870968]","[0.8655913978494624, 0.8494623655913979, 0.8440860215053764, 0.8494623655913979, 0.8602150537634409, 0.8602150537634409, 0.8387096774193549, 0.8440860215053764, 0.8602150537634409, 0.8440860215053764]","[0.8279569892473119, 0.8333333333333334, 0.8440860215053764, 0.8172043010752689, 0.8225806451612904, 0.8279569892473119, 0.7741935483870968, 0.8064516129032258, 0.8279569892473119, 0.8172043010752689]"
