,both_mean,randomForest,svm,both_max
combined,"[0.8883928571428571, 0.8883928571428571, 0.875, 0.8883928571428571, 0.8883928571428571, 0.8839285714285714, 0.8794642857142857, 0.8883928571428571, 0.8794642857142857, 0.8883928571428571]","[0.8794642857142857, 0.8660714285714286, 0.8571428571428571, 0.8571428571428571, 0.8705357142857143, 0.8616071428571429, 0.8660714285714286, 0.8839285714285714, 0.8571428571428571, 0.8571428571428571]","[0.8794642857142857, 0.8839285714285714, 0.8883928571428571, 0.8839285714285714, 0.8839285714285714, 0.8839285714285714, 0.8839285714285714, 0.8839285714285714, 0.8883928571428571, 0.8839285714285714]","[0.8883928571428571, 0.8883928571428571, 0.875, 0.8883928571428571, 0.8883928571428571, 0.8839285714285714, 0.875, 0.8883928571428571, 0.8794642857142857, 0.8883928571428571]"
semantics,"[0.8482142857142857, 0.8571428571428571, 0.8571428571428571, 0.8482142857142857, 0.8482142857142857, 0.8526785714285714, 0.8526785714285714, 0.8482142857142857, 0.8482142857142857, 0.8526785714285714]","[0.8482142857142857, 0.8348214285714286, 0.8482142857142857, 0.84375, 0.8482142857142857, 0.8571428571428571, 0.8482142857142857, 0.8392857142857143, 0.8482142857142857, 0.8571428571428571]","[0.8571428571428571, 0.8526785714285714, 0.8571428571428571, 0.8526785714285714, 0.8526785714285714, 0.8571428571428571, 0.8526785714285714, 0.8526785714285714, 0.8526785714285714, 0.8571428571428571]","[0.8482142857142857, 0.8571428571428571, 0.8526785714285714, 0.8482142857142857, 0.8482142857142857, 0.8526785714285714, 0.8526785714285714, 0.8482142857142857, 0.8482142857142857, 0.8482142857142857]"
syntax,"[0.8839285714285714, 0.8839285714285714, 0.8839285714285714, 0.875, 0.8883928571428571, 0.8839285714285714, 0.875, 0.8794642857142857, 0.8973214285714286, 0.875]","[0.8571428571428571, 0.8571428571428571, 0.875, 0.875, 0.8839285714285714, 0.8660714285714286, 0.8705357142857143, 0.8705357142857143, 0.8705357142857143, 0.8571428571428571]","[0.8794642857142857, 0.875, 0.8705357142857143, 0.8705357142857143, 0.8660714285714286, 0.875, 0.8616071428571429, 0.8705357142857143, 0.8794642857142857, 0.8705357142857143]","[0.8839285714285714, 0.8839285714285714, 0.8839285714285714, 0.8705357142857143, 0.8883928571428571, 0.8839285714285714, 0.875, 0.875, 0.8973214285714286, 0.8794642857142857]"
