,both_mean,randomForest,svm,both_max
combined,"[0.7926829268292683, 0.7926829268292683, 0.8170731707317073, 0.8048780487804879, 0.7926829268292683, 0.8170731707317073, 0.8048780487804879, 0.8048780487804879, 0.8048780487804879, 0.7926829268292683]","[0.7317073170731707, 0.7682926829268293, 0.8170731707317073, 0.7804878048780488, 0.7317073170731707, 0.8170731707317073, 0.8048780487804879, 0.7682926829268293, 0.7804878048780488, 0.7073170731707317]","[0.8048780487804879, 0.7804878048780488, 0.7926829268292683, 0.7804878048780488, 0.7926829268292683, 0.7926829268292683, 0.7804878048780488, 0.7804878048780488, 0.7804878048780488, 0.7804878048780488]","[0.8048780487804879, 0.7682926829268293, 0.8170731707317073, 0.8048780487804879, 0.7804878048780488, 0.8292682926829268, 0.8048780487804879, 0.8048780487804879, 0.7926829268292683, 0.7439024390243902]"
semantics,"[0.7073170731707317, 0.7073170731707317, 0.6585365853658537, 0.7195121951219512, 0.6585365853658537, 0.7073170731707317, 0.6341463414634146, 0.7195121951219512, 0.7073170731707317, 0.7073170731707317]","[0.7195121951219512, 0.7073170731707317, 0.6219512195121951, 0.6219512195121951, 0.6463414634146342, 0.5975609756097561, 0.6219512195121951, 0.6707317073170732, 0.6707317073170732, 0.6341463414634146]","[0.6951219512195121, 0.6951219512195121, 0.7195121951219512, 0.6951219512195121, 0.7317073170731707, 0.6951219512195121, 0.6951219512195121, 0.6951219512195121, 0.7073170731707317, 0.7317073170731707]","[0.7439024390243902, 0.7195121951219512, 0.6585365853658537, 0.6585365853658537, 0.6585365853658537, 0.6829268292682927, 0.6341463414634146, 0.6951219512195121, 0.7073170731707317, 0.6951219512195121]"
syntax,"[0.8170731707317073, 0.7926829268292683, 0.8170731707317073, 0.7926829268292683, 0.8170731707317073, 0.8292682926829268, 0.8170731707317073, 0.8170731707317073, 0.7804878048780488, 0.8170731707317073]","[0.7317073170731707, 0.7804878048780488, 0.8170731707317073, 0.7682926829268293, 0.7926829268292683, 0.8170731707317073, 0.7804878048780488, 0.8048780487804879, 0.7682926829268293, 0.8170731707317073]","[0.7926829268292683, 0.8048780487804879, 0.8048780487804879, 0.8048780487804879, 0.8048780487804879, 0.8048780487804879, 0.8048780487804879, 0.8048780487804879, 0.8170731707317073, 0.8048780487804879]","[0.8292682926829268, 0.7804878048780488, 0.8414634146341463, 0.7926829268292683, 0.8292682926829268, 0.8292682926829268, 0.8292682926829268, 0.8170731707317073, 0.7804878048780488, 0.8170731707317073]"
